{"stats":{"minecraft:dropped":{"minecraft:sandstone":1,"minecraft:orange_wool":1,"minecraft:oak_sign":1,"minecraft:redstone":2},"minecraft:picked_up":{"minecraft:sandstone":74,"minecraft:repeater":4,"minecraft:leather":1,"minecraft:lead":1,"minecraft:redstone":83,"minecraft:orange_wool":1,"minecraft:oak_sign":2,"minecraft:lever":13,"minecraft:redstone_torch":20},"minecraft:killed":{"minecraft:trader_llama":1,"minecraft:wandering_trader":1},"minecraft:used":{"minecraft:redstone_torch":143,"minecraft:purple_stained_glass":4,"minecraft:sticky_piston":98,"minecraft:lever":90,"minecraft:water_bucket":1,"minecraft:netherite_sword":4,"minecraft:sea_lantern":21,"minecraft:black_wool":34,"minecraft:flint_and_steel":7,"minecraft:red_wool":66,"minecraft:yellow_stained_glass":6,"minecraft:red_stained_glass":1,"minecraft:redstone":2234,"minecraft:lime_wool":298,"minecraft:oak_planks":84,"minecraft:oak_sign":75,"minecraft:green_wool":44,"minecraft:blue_wool":114,"minecraft:sandstone":127,"minecraft:beacon":3,"minecraft:pink_wool":27,"minecraft:yellow_wool":58,"minecraft:orange_stained_glass":6,"minecraft:light_gray_wool":9,"minecraft:white_wool":27,"minecraft:diamond_block":179,"minecraft:repeater":314,"minecraft:redstone_lamp":37,"minecraft:comparator":15,"minecraft:magenta_wool":133,"minecraft:tnt":14,"minecraft:blue_stained_glass":6,"minecraft:light_blue_wool":764,"minecraft:white_stained_glass":7,"minecraft:orange_wool":312,"minecraft:gray_wool":13,"minecraft:cyan_wool":49,"minecraft:purple_wool":42,"minecraft:splash_potion":2,"minecraft:green_stained_glass":6},"minecraft:custom":{"minecraft:time_since_rest":395491,"minecraft:sprint_one_cm":7553,"minecraft:walk_one_cm":1131638,"minecraft:mob_kills":2,"minecraft:drop":5,"minecraft:damage_dealt":340,"minecraft:interact_with_beacon":5,"minecraft:talked_to_villager":1,"minecraft:fly_one_cm":841462,"minecraft:crouch_one_cm":3119,"minecraft:play_time":395491,"minecraft:sneak_time":2695,"minecraft:jump":887,"minecraft:leave_game":9,"minecraft:walk_on_water_one_cm":383,"minecraft:time_since_death":395491,"minecraft:total_world_time":312953}},"DataVersion":3955}